Îâ¥Ïä§ID,Îâ¥Ïä§GUID,ÏùºÏûê(UTC timestamp),Îâ¥Ïä§Ï†úÎ™©,Î≥∏Î¨∏,SENTIMENT,Ï£ºÏöîÏΩîÏù∏,Ïπ¥ÌÖåÍ≥†Î¶¨,ÏûëÏÑ±Ïûê,Ï∂îÏ≤úÏàò,ÎπÑÏ∂îÏ≤úÏàò,Ï∂úÏ≤ò,Îâ¥Ïä§URL,Ïù¥ÎØ∏ÏßÄURL
13432774,https://news.bitcoin.com/?p=407422&preview=true&preview_id=407422,1598139000,Canadian Restaurant Chain Tahini‚Äôs Converts All Cash Reserves Into Bitcoin,Canada-based Middle Eastern restaurant chain Tahini&apos;s has converted all of its cash reserves into bitcoin. The company says bitcoin offers a much better alternative to cash savings. From Cash Savings to Bitcoin Middle Eastern restaurant chain Tahini&apos;s has announced via Twitter that its entire cash reserves have been converted into bitcoin. Tahini&apos;s is a small ...The post Canadian Restaurant Chain Tahini&apos;s Converts All Cash Reserves Into Bitcoin appeared first on Bitcoin News.,POSITIVE,ÏóÜÏùå,BTC,,0,0,Bitcoin.com,https://news.bitcoin.com/canada-restaurant-chain-tahinis-cash-reserves-bitcoin/,https://images.cryptocompare.com/news/bitcoin.com/cyziR2016hw.jpeg
13348245,https://cointelegraph.com/news/analysts-fear-a-strong-us-dollar-will-dampen-bitcoins-bullish-momentum,1598138220,Analysts Fear a Strong US Dollar Will Dampen Bitcoin‚Äôs Bullish Momentum,"Bitcoin and gold price dropped as the U.S. Dollar Index rallied, leading analysts to speculate whether a strong dollar will slow BTC&apos;s momentum.",NEGATIVE,BTC,BTC | FIAT | MARKET | TRADING,,0,0,CoinTelegraph,https://cointelegraph.com/news/analysts-fear-a-strong-us-dollar-will-dampen-bitcoins-bullish-momentum,https://images.cryptocompare.com/news/cointelegraph/9h8ti84z4kp.jpeg
13447221,https://bitcoinist.com/?p=139592,1598137243,"Dave Portnoy Lost 1.6% of His Crypto Investment, Then Liquidated His Bitcoin","Dave Portnoy famously entered the Bitcoin and crypto market last week with the help of the Winklevoss Twins. He originally bought $250,000 worth of digital assets, $50,000 into Chainlink and the rest into Bitcoin. The video of him buying this cryptocurrency went crypto-viral as many acknowledged the significance of his entrance into the industry. While he was initially up on his investment, he liquidated his Bitcoin and altcoins on Friday. Portnoy claimed that he didn&apos;t ...",NEGATIVE,ÏóÜÏùå,ALTCOIN | BTC | LINK | MARKET,,0,0,Bitcoinist,https://bitcoinist.com/dave-portnoy-lost-1-crypto-investment-liquidated-bitcoin/?utm_source=rss&utm_medium=rss&utm_campaign=dave-portnoy-lost-1-crypto-investment-liquidated-bitcoin,https://images.cryptocompare.com/news/bitcoinist/d8w80Apw8e2.jpeg
13348246,https://cointelegraph.com/news/metamask-updates-user-license-some-users-need-to-pay-fee,1598137200,"MetaMask Updates User License, Some Users Need to Pay Fee",Nothing in life is free.,NEUTRAL,ÏóÜÏùå,ETH,,0,0,CoinTelegraph,https://cointelegraph.com/news/metamask-updates-user-license-some-users-need-to-pay-fee,https://images.cryptocompare.com/news/cointelegraph/cNXP1UU33C0.jpeg
13261102,https://dailyhodl.com/?p=107235,1598133901,"New Crypto Asset Could Be Next DeFi Unicorn to Explode, Says Bitcoin Analyst Nicholas Merten","DataDash founder and Bitcoin analyst Nicholas Merten says a new crypto asset is poised to become the next decentralized finance (DeFi) unicorn to erupt. Merten says he&apos;s betting big on Ampleforth (AMPL) as he believes the coin is relatively undervalued. The crypto strategist highlights that AMPL has already gone through close to an 80% correction ...The post New Crypto Asset Could Be Next DeFi Unicorn to Explode, Says Bitcoin Analyst Nicholas Merten appeared first on The Daily Hodl.",POSITIVE,ÏóÜÏùå,ALTCOIN | BTC | TRADING,,0,0,The Daily Hodl,https://dailyhodl.com/2020/08/22/new-crypto-asset-could-be-next-defi-unicorn-to-explode-says-bitcoin-analyst-nicholas-merten/,https://images.cryptocompare.com/news/dailyhodl/9k8exox0cs0.jpeg
13348247,https://cointelegraph.com/news/researcher-re-mined-satoshi-s-bitcoin-blocks-to-discover-his-secrets,1598133600,Researcher Re-mined Satoshi's Bitcoin Blocks To Discover His Secrets,Satoshi Nakamoto used a single PC to mine 1.1M Bitcoin,NEUTRAL,ÏóÜÏùå,BTC | RESEARCH,,0,0,CoinTelegraph,https://cointelegraph.com/news/researcher-re-mined-satoshi-s-bitcoin-blocks-to-discover-his-secrets,https://images.cryptocompare.com/news/cointelegraph/c4ybxINOmom.jpeg
13447222,https://bitcoinist.com/?p=139593,1598130039,Chainlink (LINK) Could Soon Reverse Towards $14 Despite 20% Price Bounce,"Chainlink suffered a strong correction after approaching $20 last week. The asset fell from those highs to a low of around $14 after a flash crash and subsequent selling pressure. LINK was also pushed lower by Dave Portnoy, the founder of Barstool Sports, selling his stake in the cryptocurrency. The asset has bounced after reaching those lows yesterday, following Bitcoin and Ethereum higher. Chainlink may return lower, though, with there being certain signs that more ...",NEGATIVE,LINK,BTC | ETH | LINK | TRADING,,0,0,Bitcoinist,https://bitcoinist.com/chainlink-link-could-soon-reverse-towards-14-despite-20-price-bounce/?utm_source=rss&utm_medium=rss&utm_campaign=chainlink-link-could-soon-reverse-towards-14-despite-20-price-bounce,https://images.cryptocompare.com/news/bitcoinist/fUo10000000.jpeg
13348248,https://cointelegraph.com/news/digital-currency-akoin-and-blockchain-voting-bad-crypto-news-of-the-week,1598130000,"Digital Currency, Akoin and Blockchain Voting: Bad Crypto News of the Week",Check out this week&apos;s Bad Crypto podcast.,NEUTRAL,ÏóÜÏùå,ASIA | BLOCKCHAIN | BTC | ETH,,0,0,CoinTelegraph,https://cointelegraph.com/news/digital-currency-akoin-and-blockchain-voting-bad-crypto-news-of-the-week,https://images.cryptocompare.com/news/cointelegraph/cf04x30o6ya.jpeg
13386515,https://zycrypto.com/?p=45078,1598129749,"Altcoins Are Damaging BTC‚Äôs Development, Says Bitcoin Developer","The crypto space presents a united front to an outsider but inner factions exist. While some crypto enthusiasts and analysts think Bitcoin and altcoins complement each other, there are others who posit that Bitcoin would be further ahead if altcoins weren&apos;t stealing attention and resources from its ecosystem. According to TheRustryTwit, a free open source software ...",NEGATIVE,BTC,ALTCOIN | BTC | TECHNOLOGY,,0,0,ZyCrypto,https://zycrypto.com/altcoins-are-damaging-btcs-development-says-bitcoin-developer/,https://images.cryptocompare.com/news/zycrypto/c2sjj5zw518.jpeg
13432775,https://news.bitcoin.com/?p=407413&preview=true&preview_id=407413,1598128250,"Stock Trader Dave Portnoy Dives Into Bitcoin, Only to Panic-Sell After Chainlink Plunges","High profile stock trader Dave Portnoy has panic sold his bitcoin one week after he got into cryptocurrency. He cited the falling price of chainlink, another of his crypto investments, as the main reason. Dave Portnoy Got in and Out of Crypto in One Week American trader and founder of Barstool Sports blog Dave Portnoy ...The post Stock Trader Dave Portnoy Dives Into Bitcoin, Only to Panic-Sell After Chainlink Plunges appeared first on Bitcoin News.",NEGATIVE,ÏóÜÏùå,BTC | BUSINESS | LINK | TRADING,,0,0,Bitcoin.com,https://news.bitcoin.com/stock-trader-dave-portnoy-bitcoin-panic-sell-chainlink/,https://images.cryptocompare.com/news/bitcoin.com/9LjcCdAP36o.jpeg
13278774,http://eng.ambcrypto.com/?p=57983,1598128215,Ethereum supply hit as congestion concerns begin to ease,"Ethereum has not only been the market&apos;s second-largest cryptocurrency, but it has also been the torchbearer for many of its fellow altcoins. Even as Bitcoin succumbed to a month-long consolidation phase, ETH was until recently noting new highs, with its growth contributed to by sectors such as decentralized finance [DeFi] and stablecoins. However, this growth ...The post Ethereum supply hit as congestion concerns begin to ease appeared first on AMBCrypto.",POSITIVE,ETH,ALTCOIN | BTC | ETH,,0,0,AMB Crypto,https://eng.ambcrypto.com/ethereum-supply-hit-as-congestion-concerns-begin-to-ease/,https://images.cryptocompare.com/news/ambcrypto/8ohivwUcci3.jpeg
13447223,https://bitcoinist.com/?p=139599,1598126443,BitKong Cryptocurrency Casino Review,"BitKong is a cryptocurrency casino that is free to play, and impossible not to love. This game supports a wide range of cryptocurrencies on their website and Android app and even provides users with the ability to play for free as they get the hang of the interface. BitKong also has two popular sibling sites: Luckydice and Simpledice. Initial Thoughts The look of BitKong immediately strikes you as professional‚Äîthe graphics are fun and appealing, and the ...",POSITIVE,ÏóÜÏùå,OTHER,,0,0,Bitcoinist,https://bitcoinist.com/bitkong-cryptocurrency-casino-review/?utm_source=rss&utm_medium=rss&utm_campaign=bitkong-cryptocurrency-casino-review,https://images.cryptocompare.com/news/bitcoinist/8c8fw2sA6Bw.png
13348249,https://cointelegraph.com/news/vechain-launches-blockchain-enabled-sustainability-solution,1598126400,VeChain Launches Blockchain-enabled Sustainability Solution,Companies using the solution may even cut costs.,POSITIVE,ÏóÜÏùå,BLOCKCHAIN,,0,0,CoinTelegraph,https://cointelegraph.com/news/vechain-launches-blockchain-enabled-sustainability-solution,https://images.cryptocompare.com/news/cointelegraph/aUCM1cc3w83.jpeg
13578762,https://www.cryptopolitan.com/?p=54191,1598124960,New Golem version is developer-oriented to collect constructive feedback,"New Golem version is just around the corner, and it promises to offer many more developer-oriented features. Golem is a computing power-sharing network that is built on decentralized technology. It promotes efficient computing solutions that are ideal for next-gen networks. The alpha phase of the new Golem version focuses on easing developer activity through efficient ...",POSITIVE,ÏóÜÏùå,TECHNOLOGY,,0,0,Cryptopolitan,https://www.cryptopolitan.com/new-golem-version-developer-oriented/,https://images.cryptocompare.com/news/cryptopolitan/81000000000.jpeg
13261103,https://dailyhodl.com/?p=107254,1598122839,"Thailand Judicial System Planning Big Shift to Blockchain, Will Migrate Records to Distributed Ledger","Thailand&apos;s judicial system is preparing for a big blockchain upgrade. The Office of the Courts of Justice, which oversees over 90% of Thailand&apos;s courts, says it has plans to move court records and other judicial information into a distributed ledger by 2021 Thailand&apos;s largest court body claims that it is the first government agency in ...The post Thailand Judicial System Planning Big Shift to Blockchain, Will Migrate Records to Distributed Ledger appeared first on The Daily Hodl.",POSITIVE,ÏóÜÏùå,BLOCKCHAIN | WALLET,,0,0,The Daily Hodl,https://dailyhodl.com/2020/08/22/thailand-judicial-system-planning-big-shift-to-blockchain-will-migrate-records-to-distributed-ledger/,https://images.cryptocompare.com/news/dailyhodl/e4ko13wU0M0.jpeg
13447224,https://bitcoinist.com/?p=139582,1598122837,This Support Could ‚ÄúLaunch‚Äù Ethereum to $500 as Bulls Slow Its Descent,"Ethereum saw a sharp decline throughout the past couple of days that led it to break below $400 The selling pressure driving this movement ramped up overnight, but bulls have since been able to reverse it Analysts are now noting that it may be well-positioned to see further upside in the days and weeks ahead Its positive reaction to one crucial support level is even leading one trader to note that it could soon be ...",POSITIVE,ÏóÜÏùå,ETH,,0,0,Bitcoinist,https://bitcoinist.com/this-support-could-launch-ethereum-to-500-as-bulls-slow-its-descent/?utm_source=rss&utm_medium=rss&utm_campaign=this-support-could-launch-ethereum-to-500-as-bulls-slow-its-descent,https://images.cryptocompare.com/news/bitcoinist/d30840w0200.jpeg
13395257,https://decrypt.co/?p=39539,1598122326,CFTC seeks more than $500 million from missing Bitcoin ponzi mastermind,"The US CFTC has requested summary judgement for more than half a billion dollars after failing to locate 2017 Benjamin Reynolds, who the CTFC alleges created a Bitcoin Ponzi scheme.",NEGATIVE,ÏóÜÏùå,BTC | BUSINESS,,0,0,Decrypt,https://decrypt.co/39539/cftc-seeks-more-than-500-million-from-missing-bitcoin-ponzi-mastermind,https://images.cryptocompare.com/news/decrypt/dkj2IgFa4z8.jpeg
13278775,http://eng.ambcrypto.com/?p=57980,1598121002,Here‚Äôs why Bitcoin‚Äôs Year-to-Date RoI is greater than Gold‚Äôs,"If you had purchased $1000 worth of Bitcoin (0.13BTC) on 1 January 2020, it would be worth $1509.10 today. On the contrary, an investment of $1000 in Gold on the same day (0.65 oz) would be worth only $1277.10 today. Furthermore, if you had purchased $1000 worth of Bitcoin in 2013, your investment would be ...The post Here&apos;s why Bitcoin&apos;s Year-to-Date RoI is greater than Gold&apos;s appeared first on AMBCrypto.",POSITIVE,BTC,BTC | FIAT,,0,0,AMB Crypto,https://eng.ambcrypto.com/heres-why-bitcoins-year-to-date-roi-is-greater-than-golds/,https://images.cryptocompare.com/news/ambcrypto/exwc9m1w000.jpeg
13348250,https://cointelegraph.com/news/golem-releases-new-golem-version-focusing-on-developers,1598119200,Golem Releases New Golem Version Focusing on Developers,More updates should be coming your way.,NEUTRAL,ÏóÜÏùå,TECHNOLOGY,,0,0,CoinTelegraph,https://cointelegraph.com/news/golem-releases-new-golem-version-focusing-on-developers,https://images.cryptocompare.com/news/cointelegraph/c01i29F0iRy.jpeg
13407859,https://cryptopotato.com/?p=66072,1598117424,Unraveling DeFi: An Interview With Synthetix About How Synths Work,"CryptoPotato had the chance to interview Garth Travers, Communications Manager at Synthetix, to give us insights into the project and their synthetic assets called Synths.The post Unraveling DeFi: An Interview With Synthetix About How Synths Work appeared first on CryptoPotato.",POSITIVE,ÏóÜÏùå,BLOCKCHAIN | ETH,,0,0,Crypto Potato,https://cryptopotato.com/unraveling-defi-an-interview-with-synthetix-about-how-synths-work/,https://images.cryptocompare.com/news/cryptopotato/b8000000000.jpeg
13348251,https://cointelegraph.com/news/aave-ceo-wants-to-tokenize-tesla-elon-musk-gives-silent-treatment,1598115600,Aave CEO Wants to Tokenize Tesla. Elon Musk Gives Silent Treatment,Maybe Musk just hasn&apos;t checked his Twitter mentions?,NEUTRAL,ÏóÜÏùå,BLOCKCHAIN,,0,0,CoinTelegraph,https://cointelegraph.com/news/aave-ceo-wants-to-tokenize-tesla-elon-musk-gives-silent-treatment,https://images.cryptocompare.com/news/cointelegraph/bUIMalm8w40.jpeg
13578763,https://www.cryptopolitan.com/?p=54186,1598115279,Pompliano urges pension system to hold some of their funds in Bitcoin,"Founder of Morgan Creek, Anthony Pomoliano has said that the pension system should pay at least 1.5% of funds in Bitcoins. Bitcoin has enjoyed the same good time as the S&amp;P 500 in the financial market after the March crisis, which resulted in a crash that affected both markets. Things started to move apart as ...",POSITIVE,ÏóÜÏùå,BTC | MARKET,,0,0,Cryptopolitan,https://www.cryptopolitan.com/pompliano-urges-pension-system-to-hold/,https://images.cryptocompare.com/news/cryptopolitan/d0sfVTIpzor.jpeg
13395258,https://decrypt.co/?p=39525,1598114603,"Is Dave Portnoy in hot water for pumping crypto? Unlikely, lawyers say","The Barstool Sports president talked up his $1 million investment in Bitcoin, then abruptly decamped. So what happened?",NEUTRAL,ÏóÜÏùå,BTC | REGULATION,,0,0,Decrypt,https://decrypt.co/39525/is-dave-portnoy-in-hot-water-for-pumping-crypto-unlikely-lawyers-say,https://images.cryptocompare.com/news/decrypt/dyiw6gw9000.png
13432776,https://news.bitcoin.com/?p=407418&preview=true&preview_id=407418,1598113854,"IRS Prioritizes Cryptocurrency, Now First Question on 1040 Tax Form","The new U.S. tax form is out and the cryptocurrency question is the first one on the main 1040 tax form used by about 150 million people to file their taxes. The Internal Revenue Service (IRS) requires all tax filers to declare whether they have received, sold, exchanged, or acquired any cryptocurrencies. IRS Focuses on ...The post IRS Prioritizes Cryptocurrency, Now First Question on 1040 Tax Form appeared first on Bitcoin News.",NEUTRAL,ÏóÜÏùå,BTC | BUSINESS | REGULATION,,0,0,Bitcoin.com,https://news.bitcoin.com/irs-prioritizes-cryptocurrency-first-question-on-1040-tax-form/,https://images.cryptocompare.com/news/bitcoin.com/9n4807M080Q.jpeg
13278776,http://eng.ambcrypto.com/?p=57912,1598113811,U.S Dollar‚Äôs loss may see Bitcoin overtake Gold in the long run,"When trading, many of the market&apos;s traders have often observed a low correlation between Bitcoin and other global financial assets. That is interesting, but not unexpected since as a prospective store of value candidate it is supposed to be uncorrelated to a great degree. Here, it must be noted, however, that the correlation tends to ...The post U.S Dollar&apos;s loss may see Bitcoin overtake Gold in the long run appeared first on AMBCrypto.",POSITIVE,ÏóÜÏùå,BTC | FIAT | TRADING,,0,0,AMB Crypto,https://eng.ambcrypto.com/u-s-dollars-loss-may-see-bitcoin-overtake-gold-in-the-long-run/,https://images.cryptocompare.com/news/ambcrypto/bEPWi0a0000.jpeg
13447225,https://bitcoinist.com/?p=139578,1598112020,Bitcoin Could See a ‚ÄúGlorious‚Äù Bounce Once it Taps This Crucial Level,"Bitcoin saw some immense turbulence overnight that caused its price to slide as low as $11,500 This dip was quickly absorbed by buyers, who have since allowed it to reclaim its support at $11,600 The cryptocurrency is now once again consolidating as it hovers within its previous trading range between $11,600 and $12,000 This stability has allowed altcoins to recoup some of their recent losses Analysts are now noting that BTC could be well-positioned to ...",POSITIVE,BTC,ALTCOIN | BTC | TRADING,,0,0,Bitcoinist,https://bitcoinist.com/bitcoin-could-see-a-glorious-bounce-once-it-taps-this-crucial-level/?utm_source=rss&utm_medium=rss&utm_campaign=bitcoin-could-see-a-glorious-bounce-once-it-taps-this-crucial-level,https://images.cryptocompare.com/news/bitcoinist/9iR9ugdaoca.jpeg
13278777,http://eng.ambcrypto.com/?p=57986,1598112015,"BAT, Crypto.com, Cardano Price Analysis: 22 August","The Crypto Fear &amp; Greed Index has been above 70 for the entirety of August, with the same showing an &apos;extreme greed&apos; reading of 78, despite the latest dip in Bitcoin&apos;s price. Simply put, the crypto-market continues to remain bullish. This was the case with respect to many of the market&apos;s altcoins as well as ...The post BAT, Crypto.com, Cardano Price Analysis: 22 August appeared first on AMBCrypto.",POSITIVE,BAT,ADA | ALTCOIN | BAT | MARKET | TRADING,,0,0,AMB Crypto,https://eng.ambcrypto.com/bat-crypto-com-cardano-price-analysis-22-august/,https://images.cryptocompare.com/news/ambcrypto/eE1de200xjk.jpeg
13348252,https://cointelegraph.com/news/central-bank-digital-currencies-and-their-role-in-the-financial-system,1598112000,Central Bank Digital Currencies and Their Role in the Financial System,"What are CBDCs and the risks they possess, and how might they reshape our economies?",NEUTRAL,ÏóÜÏùå,ASIA | BLOCKCHAIN | BTC | FIAT,,0,0,CoinTelegraph,https://cointelegraph.com/news/central-bank-digital-currencies-and-their-role-in-the-financial-system,https://images.cryptocompare.com/news/cointelegraph/dx98v1UIa2x.jpeg
13472336,https://www.trustnodes.com/?p=32226,1598111360,Europe Proposes a Crypto Single Market,The European Commission has proposed an &apos;innovation-friendly&apos; framework that &apos;does not pose obstacles to the application of new technologies.&apos; In a ten pages document the entire crypto space is covered...,POSITIVE,ÏóÜÏùå,BTC | ETH | ICO | MARKET,,0,0,TrustNodes,https://www.trustnodes.com/2020/08/22/europe-proposes-a-crypto-single-market,https://images.cryptocompare.com/news/trustnodes/cbqz28w200A.jpeg
13278778,http://eng.ambcrypto.com/?p=57942,1598110210,Bitcoin Cash long-term Price Analysis: 22 August,"Disclaimer: The following article should not be taken as investment advice. The findings of the same should be foreseeable over the next couple of weeks The bullish trend so evident in the early days of August is slowly starting to fade, with a majority of the market&apos;s altcoins taking a dive on their charts. However, ...The post Bitcoin Cash long-term Price Analysis: 22 August appeared first on AMBCrypto.",NEUTRAL,ÏóÜÏùå,ALTCOIN | BCH | MARKET | TRADING,,0,0,AMB Crypto,https://eng.ambcrypto.com/bitcoin-cash-long-term-price-analysis-22-august/,https://images.cryptocompare.com/news/ambcrypto/cpcx3180CA2.jpeg
13407860,https://cryptopotato.com/?p=66065,1598110106,Bitcoin Futures Open Interest at ATH Above $5 Billion But Sentiment‚Äôs Shaky,"As per data from Skew, Bitcoin futures aggregated open interest hit the $5 billion mark, but the overall trend shows that traders are bearish and closing their positions rather than opening new ones. The post Bitcoin Futures Open Interest at ATH Above $5 Billion But Sentiment&apos;s Shaky appeared first on CryptoPotato.",NEGATIVE,ÏóÜÏùå,BTC | TRADING,,0,0,Crypto Potato,https://cryptopotato.com/bitcoin-futures-open-interest-at-ath-above-5-billion-but-sentiments-shaky/,https://images.cryptocompare.com/news/cryptopotato/d00M0040000.jpeg
13395259,https://decrypt.co/?p=39524,1598109383,Chainlink price booms for third weekend in a row,"Chainlink, a decentralized price oracle, keeps rising on the weekends.",POSITIVE,ÏóÜÏùå,LINK | TRADING,,0,0,Decrypt,https://decrypt.co/39524/chainlink-price-booms-for-third-weekend-in-a-row,https://images.cryptocompare.com/news/decrypt/agvM3L0d4gw.jpeg
13348253,https://cointelegraph.com/news/bitcoin-price-risks-dropping-below-10-000-if-this-support-level-fails,1598108700,"Bitcoin Price Risks Dropping Below $10,000 if This Support Level Fails","The price of Bitcoin is at risk of falling below $10,000 if a crucial support level fails to hold.",NEGATIVE,ÏóÜÏùå,ALTCOIN | BTC | MARKET | TRADING,,0,0,CoinTelegraph,https://cointelegraph.com/news/bitcoin-price-risks-dropping-below-10-000-if-this-support-level-fails,https://images.cryptocompare.com/news/cointelegraph/cG84imJYB0A.jpeg
13348254,https://cointelegraph.com/news/bitcoincom-wallet-upgrade-allows-access-to-interest-earnings,1598108400,Bitcoin.com Wallet Upgrade Allows Access to Interest Earnings,It&apos;s the latest milestone in their partnership.,POSITIVE,ÏóÜÏùå,BTC,,0,0,CoinTelegraph,https://cointelegraph.com/news/bitcoincom-wallet-upgrade-allows-access-to-interest-earnings,https://images.cryptocompare.com/news/cointelegraph/d8Bx8080000.jpeg
13484509,https://cryptobriefing.com/?p=67425,1598107755,1Inch.Exchange Announces Yield Farming Opportunity for Its Upcoming Token Launch,1inch today announced plans to launch the $1INCH token in a few weeks and completely decentralize their business in the near future.,POSITIVE,ÏóÜÏùå,1INCH | BUSINESS | ICO,,0,0,Crypto Briefing,https://cryptobriefing.com/1inch-exchange-announces-yield-farming-opportunity-upcoming-token-launch/,https://images.cryptocompare.com/news/cryptobriefing/e10ikxcN920.png
13278779,http://eng.ambcrypto.com/?p=57972,1598106650,XRP short-term Price Analysis: 22 August,"Disclaimer: The following article should not be taken as investment advice and the findings of the same should be foreseeable over the next 24-48 hours XRP has struggled recently to keep its valuation above the $0.30 mark, with increasing sell pressure keeping the cryptocurrency&apos;s value just under its resistance level on the charts. However, its ...The post XRP short-term Price Analysis: 22 August appeared first on AMBCrypto.",NEUTRAL,XRP,MARKET | TRADING | XRP,,0,0,AMB Crypto,https://eng.ambcrypto.com/xrp-short-term-price-analysis-22-august/,https://images.cryptocompare.com/news/ambcrypto/cC000000000.jpeg
13261104,https://dailyhodl.com/?p=107224,1598106618,"Bitcoin Patterns Mirror Early Days of Epic 4,400% Rally, According to Digital Asset Manager Grayscale","Digital Asset Manager Grayscale says current investment patterns in Bitcoin mirror trends present in early 2016, when BTC kicked off an astronomical 4,400% rally to its all-time high in less than two years. Phil Bonello, Grayscale&apos;s director of research, reports that there is a growing number of investors holding on to their Bitcoin. In Grayscale&apos;s ...The post Bitcoin Patterns Mirror Early Days of Epic 4,400% Rally, According to Digital Asset Manager Grayscale appeared first on The Daily Hodl.",POSITIVE,BTC,BTC | BUSINESS | TRADING | RESEARCH,,0,0,The Daily Hodl,https://dailyhodl.com/2020/08/22/bitcoin-patterns-mirror-early-days-of-epic-4431-rally-began-according-to-digital-asset-manager-grayscale/,https://images.cryptocompare.com/news/dailyhodl/aIvMG0JMzP3.jpeg
13578764,https://www.cryptopolitan.com/?p=54177,1598105930,Ex Ripple CEO receives 14.5 M out of 39.5 M moved by Ripple,"A bot that tracks the huge movement of funds between XRP wallets has announced a new transaction in which part of the funds was sent to ex-Ripple CEO, Chris Larsen. The XRPL Monitor took to Twitter to give the details of the transaction that took place. The transaction was said to be worth around 39.5 ...",NEUTRAL,XRP,XRP,,0,0,Cryptopolitan,https://www.cryptopolitan.com/ex-ripple-ceo-recieves-part-funds/,https://images.cryptocompare.com/news/cryptopolitan/9CpoYpCq8Nx.jpeg
13484510,https://cryptobriefing.com/?p=67360,1598105315,Maduro Regime Blocks Bitcoin Exchange from Distributing $18M to Health Workers,"AirTM, a Venezuela-based cryptocurrency exchange, has been selected to redistribute $18 million worth of funds seized from the country&apos;s controversial Maduro government.",POSITIVE,ÏóÜÏùå,BTC | BUSINESS | EXCHANGE,,0,0,Crypto Briefing,https://cryptobriefing.com/maduro-regime-blocks-bitcoin-exchange-from-distributing-18m-health-workers/,https://images.cryptocompare.com/news/cryptobriefing/cNowkw04www.png
13386516,https://zycrypto.com/?p=45072,1598105008,"Every Pension System Should Have 1.5% Of Total Funds In Bitcoin, Says Morgan Creek‚Äôs Pompliano","Bitcoin and the S&amp;P 500 Index have gone through a short-lived correlation after the March crisis that saw both the traditional and crypto markets crash to record low levels. However, the correlation started to pull away once the adoption of crypto assets began to spike as both retail and institutional investors started to move funds ...",POSITIVE,ÏóÜÏùå,BTC | BUSINESS | MARKET,,0,0,ZyCrypto,https://zycrypto.com/every-pension-system-should-have-1-5-of-total-funds-in-bitcoin-says-morgan-creeks-pompliano/,https://images.cryptocompare.com/news/zycrypto/ciwkw1E4GyG.jpeg
42384482,0r6Zag11PPDEMKgUXAXcY7,1598104800,People Aren‚Äôt Buying the ‚ÄòGreat American Recovery‚Äô Narrative,"Despite the stock market returning to all-time highs, many can‚Äôt shake the feeling that all is not well in the economy.      For¬†more episodes¬†and free early access before our regular 3 p.m. Eastern time releases, subscribe with¬†Apple Podcasts, Spotify, Pocketcasts, Google Podcasts, Castbox, Stitcher, RadioPublica, iHeartRadio¬†or¬†RSS.      This episode is sponsored by¬†Crypto.com,¬†Bitstamp¬†and¬†Nexo.io.      See also: S&P5 vs. S&P 500: The Real Story of the Stock Market Recovery    Today on The Breakdown‚Äôs Weekly Recap:  People aren‚Äôt buying ‚Äúthe Great American Recovery‚Äù  Let‚Äôs stop considering the economy as one thing  Dave Portnoy doesn‚Äôt care about your principles  DeFi is the Wild West and saved only by the fact that no normie understands what the hell is going on  Bitcoin is being compared to the dollar not stocks and that‚Äôs serious progress  This week on The Breakdown:    Monday |¬†What‚Äôs Actually Happening With Inflation Right Now      Tuesday |¬†How Excess Capital and Low Interest Rates Reshaped Silicon Valley, Feat. Chris McCann      Wednesday | S&P5 vs. S&P 500: The Real Story of the Stock Market Recovery      Thursday |¬†The Most Pro-Bitcoin Politicians in the US      Friday |¬†Winter Is Coming: Examining the Economy‚Äôs Eight-Body Problem      For¬†more episodes¬†and free early access before our regular 3 p.m. Eastern time releases, subscribe with¬†Apple Podcasts, Spotify, Pocketcasts, Google Podcasts, Castbox, Stitcher, RadioPublica, iHeartRadio¬†or¬†RSS.",NEUTRAL,ÏóÜÏùå,BUSINESS | MARKET | SPONSORED,Nathaniel Whittemore,0,0,CoinDesk,https://coindesk.com/markets/2020/08/22/people-arent-buying-the-great-american-recovery-narrative,https://cdn.sanity.io/images/s3y3vcno/production/1cfd7735528e9bd443631b0a717faa44354ed139-1420x916.jpg?w=300&h=300&fit=crop
13348256,https://cointelegraph.com/news/cointelegraph-consulting-a-storm-is-brewing-for-ethereum,1598104800,Cointelegraph Consulting: A Storm Is Brewing for Ethereum,Ether&apos;s market sentiment is spiking as long-term investors are up around 88% ‚Äî is there a potential sell-off or slump in the short-term?,NEUTRAL,ÏóÜÏùå,BLOCKCHAIN | BUSINESS | ETH | MARKET,,0,0,CoinTelegraph,https://cointelegraph.com/news/cointelegraph-consulting-a-storm-is-brewing-for-ethereum,https://images.cryptocompare.com/news/cointelegraph/bi8x8niBghm.jpeg
13348255,https://cointelegraph.com/news/former-sega-atari-executive-joins-the-nft-gaming-boom,1598104800,Former Sega & Atari Executive Joins the NFT Gaming Boom,The traditional gaming industry dips its toes into blockchain.,POSITIVE,ÏóÜÏùå,BLOCKCHAIN | BUSINESS | ICO,,0,0,CoinTelegraph,https://cointelegraph.com/news/former-sega-atari-executive-joins-the-nft-gaming-boom,https://images.cryptocompare.com/news/cointelegraph/89fGX8J6v0e.jpeg
13496316,https://seekingalpha.com/article/4370178-bitcoin-why-must-asset-for-risk-averse-investors-right-now?utm_source=cryptocompare.com&utm_medium=referral,1598103617,Bitcoin: Why It's A Must-Have Asset For Risk-Averse Investors Right Now,"In contrast to popular belief, Bitcoin is a safe haven which can reduce portfolio risks significantly, if adopted the right way.The stock market is at record valuations, which has always been followed by negative five-year returns. Bitcoin is an interesting asset to hedge your portfolio against this (beta of 0.22).USD loses a lot of its value over time due to the growing supply of money by central banks. Given the fixed supply of Bitcoin, this asset hedges against this devaluation.A new Bitcoin rally might just have started as a consequence of its Halving in May. The prior two Halvings were followed by a 12824% and 3103% gain in two years.I believe that buying Bitcoin for 3% of your portfolio with a vision of holding it for five years might be a good strategy. In the worst case, it decreases your portfolio by 2.24% and in the best case it increases it by 150%.",POSITIVE,ÏóÜÏùå,BTC | BUSINESS | MARKET | TRADING,,0,0,Seeking Alpha,https://seekingalpha.com/article/4370178-bitcoin-why-must-asset-for-risk-averse-investors-right-now?utm_source=cryptocompare.com&utm_medium=referral,https://images.cryptocompare.com/news/seekingalpha/80000000000.png
13472337,https://www.trustnodes.com/?p=32220,1598103450,Geopolitics Channel Caspian Report Gets Hacked For ETH,"Caspian Report, an Azerbaijani based Youtube channel with some 600,000 subscribers that focuses on geopolitical analysis has been hacked. It&apos;s unclear how they took control, but they used it to...",NEGATIVE,ETH,ETH | MARKET,,0,0,TrustNodes,https://www.trustnodes.com/2020/08/22/geopolitics-channel-caspian-report-gets-hacked-for-eth,https://images.cryptocompare.com/news/trustnodes/dYMwE4M20cg.jpeg
13278780,http://eng.ambcrypto.com/?p=57965,1598103059,Ethereum: Drop in fees might be the 2nd chance it badly needs,"After grabbing all the headlines recently after it emerged to be the most expensive blockchain, Ethereum&apos;s transaction fees finally took a massive dive. According to data provided by Santiment, Ethereum&apos;s transaction fees dropped by almost 80 percent on 22 August, taking the fee structure back to its levels back in mid-July. With the drop in ...The post Ethereum: Drop in fees might be the 2nd chance it badly needs appeared first on AMBCrypto.",POSITIVE,ÏóÜÏùå,BLOCKCHAIN | ETH | SPONSORED | USDT,,0,0,AMB Crypto,https://eng.ambcrypto.com/ethereum-drop-in-fees-might-be-the-2nd-chance-it-badly-needs/,https://images.cryptocompare.com/news/ambcrypto/f1M6e800000.jpeg
13578765,https://www.cryptopolitan.com/?p=54168,1598102154,Should the rise of CBDC be a concern?,"Experts and analysts have warned of the rise of CBDC(Central Bank Digital Currency) which might rob most people of their privacy. Even though there have been mixed reactions following the rise of CBDCs, the fact remains that most countries are adopting it. Developed and developing countries have made plans to develop their own CBDC, which ...",NEUTRAL,ÏóÜÏùå,FIAT,,0,0,Cryptopolitan,https://www.cryptopolitan.com/should-the-rise-of-cbdc-be-a-concern/,https://images.cryptocompare.com/news/cryptopolitan/80000000000.jpeg
13432777,https://news.bitcoin.com/?p=407425&preview=true&preview_id=407425,1598102147,Former RBI Governor and IMF Chief Economist Sees Value in Bitcoin and Facebook Libra,"Raghuram Rajan, former governor of the Reserve Bank of India (RBI) and chief economist at the International Monetary Fund (IMF), sees value in bitcoin, cryptocurrencies, and Facebook-backed libra alongside central bank digital currencies. Former RBI Governor&apos;s View on Bitcoin, Crypto, and Libra Former RBI governor Raghuram Rajan discussed possible future roles of cryptocurrency, particularly bitcoin, ...The post Former RBI Governor and IMF Chief Economist Sees Value in Bitcoin and Facebook Libra appeared first on Bitcoin News.",POSITIVE,ÏóÜÏùå,BTC | FIAT | REGULATION,,0,0,Bitcoin.com,https://news.bitcoin.com/rbi-governor-imf-economist-value-bitcoin-facebook-libra/,https://images.cryptocompare.com/news/bitcoin.com/8AQsaucwnx6.jpeg
13395260,https://decrypt.co/?p=39521,1598102062,IRS puts cryptocurrency front and center of 2020 tax return,You won&apos;t be able to overlook the question this time: the US agency wants to know if you&apos;ve transacted with virtual currency.,NEUTRAL,ÏóÜÏùå,BUSINESS | REGULATION,,0,0,Decrypt,https://decrypt.co/39521/irs-puts-cryptocurrency-front-and-center-of-2020-tax-return,https://images.cryptocompare.com/news/decrypt/fiEgwGy2E08.jpeg
13461588,https://www.cryptonewsz.com/?p=65750,1598101677,FutureICX Integrates Band Protocol‚Äôs Data Oracles for Price Feeds,"Multi-grant winning decentralized digital asset trading application FutureICX has integrated Band Protocol&apos;s data oracles for scalable decentralized price feeds for future and current markets. Band Protocol further informed that FutureICX has completed its migration on BandChain, the protocol&apos;s mainnet based on Proof-of-Authority architecture. 1/ üöÄ @FutureICX, a multi-grant winning decentralized prediction market built on @helloiconworld, ‚Ä¶",POSITIVE,ÏóÜÏùå,BLOCKCHAIN | MARKET | TRADING,,0,0,CryptoNewsZ,https://www.cryptonewsz.com/futureicx-integrates-band-protocols-data-oracles-for-price-feeds/,https://images.cryptocompare.com/news/cryptonewsz/d4vJK0SMu0u.jpeg
13348257,https://cointelegraph.com/news/revealed-twitter-habits-of-the-crypto-elite,1598101380,Revealed: Twitter Habits of the Crypto Elite,"The Winklevoss twins not only share physical similarities, but Twitter habits as well.",NEUTRAL,ÏóÜÏùå,BLOCKCHAIN,,0,0,CoinTelegraph,https://cointelegraph.com/news/revealed-twitter-habits-of-the-crypto-elite,https://images.cryptocompare.com/news/cointelegraph/d4e44a3w008.jpeg
13407861,https://cryptopotato.com/?p=65810,1598101218,Participation in Ethereum 2.0‚Äôs Medalla Testnet Wobbly,Ethereum 2.0&apos;s Medalla test net underwent finalization of its first block but issues persist and validator participation on the network remains volatile. The post Participation in Ethereum 2.0&apos;s Medalla Testnet Wobbly appeared first on CryptoPotato.,NEGATIVE,ÏóÜÏùå,ETH,,0,0,Crypto Potato,https://cryptopotato.com/participation-in-ethereum-2-0s-medalla-testnet-wobbly/,https://images.cryptocompare.com/news/cryptopotato/dg2200w0040.jpeg
13348258,https://cointelegraph.com/news/what-top-us-politicians-and-potus-election-candidates-think-of-bitcoin,1598101200,What Top US Politicians and POTUS Election Candidates Think of Bitcoin,Cryptocurrencies and politics are intertwined. Here&apos;s what the top politicians in the U.S. elections think about cryptocurrencies.,NEUTRAL,ÏóÜÏùå,BTC,,0,0,CoinTelegraph,https://cointelegraph.com/news/what-top-us-politicians-and-potus-election-candidates-think-of-bitcoin,https://images.cryptocompare.com/news/cointelegraph/eEwk1150510.jpeg
13278781,http://eng.ambcrypto.com/?p=57939,1598100357,"Binance Coin, Decred, Tezos Price Analysis: 22 August","The latest dip in Bitcoin&apos;s price has knocked back the gains of many of the market&apos;s altcoins. Binance Coin and Tezos were just some of the alts to note such corrections. However, these price drops do not point to any reversal in trend yet and should be treated as healthy corrections in a bull market. ...The post Binance Coin, Decred, Tezos Price Analysis: 22 August appeared first on AMBCrypto.",NEUTRAL,ÏóÜÏùå,ALTCOIN | EXCHANGE | MARKET | TRADING | BNB,,0,0,AMB Crypto,https://eng.ambcrypto.com/binance-coin-decred-tezos-price-analysis-22-august/,https://images.cryptocompare.com/news/ambcrypto/c2m8600e104.jpeg
13578766,https://www.cryptopolitan.com/?p=54139,1598099028,"Ethereum utility gives the coin value, Plan B analyst claims",,POSITIVE,ÏóÜÏùå,ETH,,0,0,Cryptopolitan,https://www.cryptopolitan.com/ethereum-utility-gives-the-coin-value/,https://images.cryptocompare.com/news/cryptopolitan/cPbOogxz98y.jpeg
13461589,https://www.cryptonewsz.com/?p=65744,1598098716,Suterusu Integrates with Gravity Protocol,"Privacy-focused blockchain platform built on the Waves Protocol, Suterusu has successfully integrated with decentralized cross-chain oracle network Gravity. As part of the partnership, Suterusu will help Gravity to strengthen its interchain communication protocol and blockchain agnostic data by applying its highly secure and privacy-focused DeFi functions. It has been a while since the first reach ‚Ä¶",POSITIVE,ÏóÜÏùå,BLOCKCHAIN,,0,0,CryptoNewsZ,https://www.cryptonewsz.com/suterusu-integrates-with-gravity-protocol/,https://images.cryptocompare.com/news/cryptonewsz/8oNhElWioh2.jpeg
13278782,http://eng.ambcrypto.com/?p=57901,1598097639,"Grayscale‚Äôs LTCN, BCHG unlikely to rescue Litecoin, Bitcoin Cash‚Äôs prices","As one of the largest organizations managing crypto-investment trust funds for accredited and retail investors, Grayscale recently crossed the $6 billion-mark with respect to Assets under Management (AUM). That&apos;s not all, however, as over the past few years, besides catering to institutional investors, Grayscale has also seen increasing retail demand for crypto-exposure through 401k savings. ...The post Grayscale&apos;s LTCN, BCHG unlikely to rescue Litecoin, Bitcoin Cash&apos;s prices appeared first on AMBCrypto.",NEUTRAL,BCH | LTC,ALTCOIN | BCH | BUSINESS | LTC | MARKET,,0,0,AMB Crypto,https://eng.ambcrypto.com/grayscales-ltcn-bchg-unlikely-to-rescue-litecoin-bitcoin-cashs-prices/,https://images.cryptocompare.com/news/ambcrypto/8yki000gw10.jpeg
13578767,https://www.cryptopolitan.com/?p=54158,1598097639,BtcTurk becomes first crypto exchange to sponsor national football teams,BtcTurk a Turkish-based crypto exchange has become the first-ever digital currency platform to support a national football team since it became the Turkish national football teams sponsor. According to the announcement BtcTurk has officially signed an agreement with Turkish Football Federation (TFF) to sponsor both the male and female national football teams in the upcoming ...,POSITIVE,ÏóÜÏùå,EXCHANGE,,0,0,Cryptopolitan,https://www.cryptopolitan.com/btcturk-exchange-sponsor-football-teams/,https://images.cryptocompare.com/news/cryptopolitan/94QiD3wM330.jpeg
13395261,https://decrypt.co/?p=39513,1598096766,How Coinbase dodged the $9 million Ethereum Classic 51% attacks,"Coinbase has released a post-mortem of the early August Ethereum Classic 51% attacks, outlining the event and its impact on their system",NEUTRAL,ÏóÜÏùå,BUSINESS | ETC | EXCHANGE,,0,0,Decrypt,https://decrypt.co/39513/how-coinbase-dodged-the-9-million-ethereum-classic-51-attacks,https://images.cryptocompare.com/news/decrypt/fHh002Hgom0.jpeg
13348259,https://cointelegraph.com/news/warren-buffett-index-predicts-stocks-crash-how-will-bitcoin-react,1598096580,‚ÄòWarren Buffett‚Äô Index Predicts Stocks Crash ‚Äî How Will Bitcoin React?,"The &apos;Buffett Indicator&apos; has hit levels unseen since the dot-com bubble, and Bitcoin could see a major reaction in the event of a major crash in stocks.",NEUTRAL,ÏóÜÏùå,BTC | FIAT | MARKET,,0,0,CoinTelegraph,https://cointelegraph.com/news/warren-buffett-index-predicts-stocks-crash-how-will-bitcoin-react,https://images.cryptocompare.com/news/cointelegraph/d4Q1qF2Ag0h.jpeg
13395262,https://decrypt.co/?p=39514,1598096030,Metamask tightens license in response to crypto browser boom,"MetaMask is shifting away from open-source to make large-scale app makers using its code pay up, and it leads to a contentious exchange with Brave leadership.",NEGATIVE,ÏóÜÏùå,ETH | EXCHANGE | TECHNOLOGY | WALLET,,0,0,Decrypt,https://decrypt.co/39514/metamask-tightens-license-in-response-to-crypto-browser-boom,https://images.cryptocompare.com/news/decrypt/bx01p81g020.jpeg
13578768,https://www.cryptopolitan.com/?p=54150,1598095446,Huobi global exchange plans expanding activities in Russia,"Huobi global exchange, one of the biggest exchange firms in the globe has announced plans to improve its presence and expand its activities in Russia. Towards achieving this goal, the firm would partner Huobi Russia, another independent arm that has been operating in Russia since 2018 and appointed Vladimir Demin has been appointed as the ...",POSITIVE,ÏóÜÏùå,EXCHANGE,,0,0,Cryptopolitan,https://www.cryptopolitan.com/huobi-global-exchange-plans-expansion/,https://images.cryptocompare.com/news/cryptopolitan/eJR62ig8000.jpeg
13578769,https://www.cryptopolitan.com/?p=54144,1598094359,Invest in Bitcoin ahead of Bank crisis ‚Äì Robert Kiyosaki,"American businessman, author and founder of Rich Global LLC, Robert Kiyosaki has encouraged all investors to stake their funds on Bitcoin ahead of a looming bank crisis. After reports that American Billionaire, Warren Buffet slashed his Bank investment to purchase gold mining stock, a looming bank crisis is set to creep in. Warren Buffet gold ...",POSITIVE,ÏóÜÏùå,BTC | BUSINESS | FIAT | MINING,,0,0,Cryptopolitan,https://www.cryptopolitan.com/invest-in-bitcoin-ahead-of-bank-crisis/,https://images.cryptocompare.com/news/cryptopolitan/aqHpRDo8n1i.jpeg
13395263,https://decrypt.co/?p=39515,1598094257,Privacy coin Monero falls by 10% after hitting year long high,"Monero, the privacy coin, fell in value after hitting a year-long peak.",NEGATIVE,ÏóÜÏùå,BUSINESS | XMR,,0,0,Decrypt,https://decrypt.co/39515/privacy-coin-monero-falls-by-10-after-hitting-year-long-high,https://images.cryptocompare.com/news/decrypt/9fk0g4eA00M.jpeg
13278783,http://eng.ambcrypto.com/?p=57954,1598094027,Litecoin short-term Price Analysis: 22 August,"Disclaimer: The findings of the following article attempt to analyze the patterns emerging in the short-term Litecoin market and its impact on the crypto&apos;s price Litecoin&apos;s price has been trending lower and lower on the charts, ever since it registered a surge between 13 and 17 August. In fact, LTC&apos;s price peaked at $69.15 on ...The post Litecoin short-term Price Analysis: 22 August appeared first on AMBCrypto.",NEUTRAL,LTC,ALTCOIN | LTC | MARKET | TRADING,,0,0,AMB Crypto,https://eng.ambcrypto.com/litecoin-short-term-price-analysis-22-august/,https://images.cryptocompare.com/news/ambcrypto/c85bhoA6z0o.jpeg
13407862,https://cryptopotato.com/?p=66037,1598092201,"Barstool Sports‚Äô Dave Portnoy Dumps Bitcoin After Claiming a $25,000 Loss","American internet celebrity Dave Portnoy has claimed to have exited the crypto space following a loss of $25,000.The post Barstool Sports&apos; Dave Portnoy Dumps Bitcoin After Claiming a $25,000 Loss appeared first on CryptoPotato.",NEGATIVE,ÏóÜÏùå,BTC | LINK,,0,0,Crypto Potato,https://cryptopotato.com/barstool-sports-dave-portnoy-dumps-bitcoin-after-claiming-a-25000-loss/,https://images.cryptocompare.com/news/cryptopotato/aKL9s4D7c1y.jpeg
13348260,https://cointelegraph.com/explained/offline-staking-explained,1598092020,"Offline Staking, Explained","Defining the concept of offline staking, what benefits and risk it poses, and how it could transform the user experience.",NEUTRAL,ÏóÜÏùå,BLOCKCHAIN | TECHNOLOGY,,0,0,CoinTelegraph,https://cointelegraph.com/explained/offline-staking-explained,https://images.cryptocompare.com/news/cointelegraph/9roaMIR9F0A.jpeg
13461590,https://www.cryptonewsz.com/?p=65740,1598090850,"JUST and BitTorrent Join Hands, Multiple Bilateral Moves Lined Up","TRON Network-based blockchain platforms JUST and BitTorrent have entered into a collaboration. The DeFi focused JUST network will now be built on BitTorrent&apos;s BTFS protocol. Also, users will now be able to use BTT token to generate USDJ, the stablecoin of the JUST network, and also for JST yield farming. ü§ùThe collaboration between @DeFi_JUST &amp; ‚Ä¶",POSITIVE,BTT,BLOCKCHAIN | ICO | BTT,,0,0,CryptoNewsZ,https://www.cryptonewsz.com/just-and-bittorrent-join-hands-multiple-bilateral-moves-lined-up/,https://images.cryptocompare.com/news/cryptonewsz/d65AzEKjJ8T.jpeg
13407863,https://cryptopotato.com/?p=66041,1598089233,Altcoins Bleeding Out As Bitcoin Heads Lower (Market Watch),"Altcoins bleed out heavily thus increasing Bitcoin&apos;s dominance over the market, despite BTC being down by 2%. The post Altcoins Bleeding Out As Bitcoin Heads Lower (Market Watch) appeared first on CryptoPotato.",NEGATIVE,BTC,ALTCOIN | BTC | FIAT | MARKET,,0,0,Crypto Potato,https://cryptopotato.com/altcoins-bleeding-out-as-bitcoin-heads-lower-market-watch/,https://images.cryptocompare.com/news/cryptopotato/90009000000.jpeg
13578770,https://www.cryptopolitan.com/?p=54135,1598088734,Has DeFi stolen the thunder from protocol tokens like Tezos?,"The massive rise of the Decentralized Finance (DeFi) sector has contributed to the relegation of protocol tokens like Tezos. Protocol tokens were the hot cake of the digital assets market as it promised investors massive returns due to its rewards every month. As a result of that, Tezos stole the headlines as it was one ...",NEUTRAL,ÏóÜÏùå,BLOCKCHAIN | BUSINESS | MARKET,,0,0,Cryptopolitan,https://www.cryptopolitan.com/defi-stole-the-thunder-from-protocol-tokens/,https://images.cryptocompare.com/news/cryptopolitan/cMY6sFaDb4Q.jpeg
13461591,https://www.cryptonewsz.com/?p=65736,1598087371,Bitcoin Slides Below $11.5k & Appears Completely Bearish,"Bitcoin descends after trading around $12k at $11.9k for the longest time now and is currently below $11.5k due to a bearish intraday. The recent accumulation below $12k appears like a new normal as it was in the previous month below $10k and $9.5k. However, a sizeable correction below $11.5k is acceptable for a notable ‚Ä¶",NEGATIVE,ÏóÜÏùå,BTC | TRADING,,0,0,CryptoNewsZ,https://www.cryptonewsz.com/bitcoin-slides-below-11-5k-appears-completely-bearish/,https://images.cryptocompare.com/news/cryptonewsz/f80ai0w2580.jpeg
13432778,https://news.bitcoin.com/?p=406904&preview=true&preview_id=406904,1598086810,Why the Rise of the CBDC Is Bad for Your Privacy,"Like, hate, or fear them, central bank digital currencies (CBDCs) are on their way. There will be no stopping them. From Sweden to Thailand and China to Canada, governments the world over are experimenting with CBDCs. While most are being undertaken as pilots at this stage, China&apos;s is all but ready for primetime. Social Credit ...The post Why the Rise of the CBDC Is Bad for Your Privacy appeared first on Bitcoin News.",NEGATIVE,ÏóÜÏùå,ASIA | BTC | FIAT,,0,0,Bitcoin.com,https://news.bitcoin.com/why-the-rise-of-the-cbdc-is-bad-for-your-privacy/,https://images.cryptocompare.com/news/bitcoin.com/awww911w281.jpeg
13278784,http://eng.ambcrypto.com/?p=57953,1598085025,Chainlink‚Äôs Bitfinex listing ineffective as Polkadot rebukes ‚Äòunscrupulous exchanges‚Äô,"Chainlink&apos;s growth recently, especially in the month of August, has largely been parabolic, with many in the community under the belief that it may replicate Ethereum&apos;s incredible price appreciation from 2017. It&apos;s not hard to see why these people have these expectations as following its most recent surge, LINK shocked everyone after it climbed as ...The post Chainlink&apos;s Bitfinex listing ineffective as Polkadot rebukes &apos;unscrupulous exchanges&apos; appeared first on AMBCrypto.",NEGATIVE,LINK,ALTCOIN | DOT | EXCHANGE | LINK | TRADING,,0,0,AMB Crypto,https://eng.ambcrypto.com/chainlinks-bitfinex-listing-ineffective-as-polkadot-rebukes-unscrupulous-exchanges/,https://images.cryptocompare.com/news/ambcrypto/c30AcajdNIB.jpeg
13578771,https://www.cryptopolitan.com/?p=54116,1598084308,Control Finance Operator gets $429M Penalty from CFTC,"Commodity Futures Trading Commission has just slammed a $429 million lawsuit against Control Finance Operator. The Commission is still very much interested in making sure the founder of the alleged Ponzi scheme, Benjamin Reynolds, is brought to justice. Even though the owner of Control Finance Operator is presently nowhere to be found, the United Kingdom ...",NEGATIVE,ÏóÜÏùå,COMMODITY | TRADING,,0,0,Cryptopolitan,https://www.cryptopolitan.com/control-finance-operator-gets-penalty/,https://images.cryptocompare.com/news/cryptopolitan/ahHmJj6Rk4n.jpeg
13407864,https://cryptopotato.com/?p=66049,1598083901,"Bitcoin Eyes $10,500 After Losing Crucial Support Line: BTC Price Analysis","Bitcoin&apos;s price had seen a four-day decline of over $1150, while the altcoins suffered even harder. Despite that Bitcoin is currently trading around the consolidation range from a week ago, we cannot ignore this week&apos;s false breakout to $12,500. This turned to be a fake-out, and the bearishness that came out of this is clearly ...The post Bitcoin Eyes $10,500 After Losing Crucial Support Line: BTC Price Analysis appeared first on CryptoPotato.",NEGATIVE,BTC,ALTCOIN | BTC | MARKET | TRADING,,0,0,Crypto Potato,https://cryptopotato.com/bitcoin-eyes-10500-after-losing-crucial-support-line-btc-price-analysis/,https://images.cryptocompare.com/news/cryptopotato/8m60wo00000.png
13278785,http://eng.ambcrypto.com/?p=57931,1598083235,"EOS, DigiByte, Ethereum Price Analysis: 22 August","At the time of writing, Bitcoin&apos;s dominance stood at 59.5%, with the same having fallen significantly over the past few months despite the fact that the world&apos;s largest cryptocurrency climbed to new heights in 2020. This has been the case because many of the market&apos;s altcoins have surged on the charts too. However, when Bitcoin ...The post EOS, DigiByte, Ethereum Price Analysis: 22 August appeared first on AMBCrypto.",NEUTRAL,ÏóÜÏùå,ALTCOIN | BTC | ETH | MARKET | TRADING,,0,0,AMB Crypto,https://eng.ambcrypto.com/eos-digibyte-ethereum-price-analysis-22-august/,https://images.cryptocompare.com/news/ambcrypto/e61O6g00000.jpeg
13348261,https://cointelegraph.com/news/bitcoin-and-economic-uncertainty-patience-is-the-name-of-the-game,1598081760,Bitcoin and Economic Uncertainty: Patience Is the Name of the Game,"The crypto market as a whole has made tremendous strides monetarily, even though Bitcoin&apos;s price has so far failed to meet the lofty expectations.",POSITIVE,ÏóÜÏùå,BTC | FIAT | MARKET | TRADING,,0,0,CoinTelegraph,https://cointelegraph.com/news/bitcoin-and-economic-uncertainty-patience-is-the-name-of-the-game,https://images.cryptocompare.com/news/cointelegraph/82P4Md14yw0.jpeg
13261105,https://dailyhodl.com/?p=107243,1598079874,"Analyst Josh Rager Is Holding This Crypto Asset Until It Hits $100,000 ‚Äì And It‚Äôs Not Bitcoin","Crypto analyst and trader Josh Rager says he&apos;s holding onto one altcoin until it surges to $100,000. Rager tells his 80,000 followers on Twitter that he believes YFI has a ton of room to grow, if he can resist the urge to take profits. &apos;Bought three YFI around $2,500. Sold two way too early‚Ä¶ Could ...The post Analyst Josh Rager Is Holding This Crypto Asset Until It Hits $100,000 - And It&apos;s Not Bitcoin appeared first on The Daily Hodl.",POSITIVE,YFI,ALTCOIN | BTC | YFI,,0,0,The Daily Hodl,https://dailyhodl.com/2020/08/22/analyst-is-holding-this-crypto-asset-until-it-hits-100000-and-its-not-bitcoin/,https://images.cryptocompare.com/news/dailyhodl/8zorAwIio66.jpeg
13578772,https://www.cryptopolitan.com/?p=54119,1598072351,"Bitcoin price approaches $11500, what‚Äôs next?","On the 21st of August, the Bitcoin price line led the major altcoins down on their charts. The cryptocurrency king fell towards the $11450 level. 1-Day Bitcoin price analysis Bitcoin price chart by Trading View The cryptocurrency traded at $11580.42 US Dollars at the time of writing. Will the Bitcoin price rise next? The Trading ...",NEUTRAL,ÏóÜÏùå,ALTCOIN | BTC | MARKET | TRADING,,0,0,Cryptopolitan,https://www.cryptopolitan.com/bitcoin-price-approaches-11500/,https://images.cryptocompare.com/news/cryptopolitan/8oo7detNF8q.jpeg
13578773,https://www.cryptopolitan.com/?p=54107,1598071626,Binance Coin price moves to $22,"The Binance Coin price line gradually stepped down on the daily chart after it approached a day&apos;s high above the $23.2 mark. The cryptocurrency was observed trading between the levels of $21.2 and $23.4. 1-Day Binance Coin price analysis Binance Coin price chart by Trading View At the time of writing, the BNB price was ...",NEUTRAL,BNB,EXCHANGE | MARKET | TRADING | BNB,,0,0,Cryptopolitan,https://www.cryptopolitan.com/binance-coin-price-moves-to-22/,https://images.cryptocompare.com/news/cryptopolitan/81Aghw08000.jpeg
13447226,https://bitcoinist.com/?p=139574,1598070470,Bitcoin Breaking Below These Two Levels May Suggest the Bull Trend Is Over,"Bitcoin has struggled over recent days, falling below the pivotal supports at $11,500 and $11,700. As of this article&apos;s writing, the leading cryptocurrency trades for $11,450, posting a 3% loss in the past 24 hours. It is actually outperforming most altcoins, which have lost all momentum due to a rush for safety in BTC. Bitcoin is not yet in a medium to long-term bear trend, but the asset will enter one if it loses these ...",NEGATIVE,BTC,ALTCOIN | BTC | TRADING,,0,0,Bitcoinist,https://bitcoinist.com/bitcoin-breaking-below-two-levels-signal-bull-trend-over/?utm_source=rss&utm_medium=rss&utm_campaign=bitcoin-breaking-below-two-levels-signal-bull-trend-over,https://images.cryptocompare.com/news/bitcoinist/c0M00020000.jpeg
13578774,https://www.cryptopolitan.com/?p=54096,1598070236,"EOS price falls to $3.2, rise up ahead?","The EOS price line fell to the $3.2 level on the 21st of August. The crypto analysts from Trading View are of the opinion that the EOSUSD pair will soon see a rise across the $5 mark. 1-Day EOS price analysis EOS price chart by Trading View By the time of writing, the cryptocurrency&apos;s price ...",NEUTRAL,ÏóÜÏùå,MARKET | TRADING,,0,0,Cryptopolitan,https://www.cryptopolitan.com/eos-price-falls-to-3-2/,https://images.cryptocompare.com/news/cryptopolitan/eecA4Ew9400.jpeg
13578775,https://www.cryptopolitan.com/?p=54086,1598069019,"Bitcoin Cash price falls to $280, what to expect?",The Bitcoin Cash price line receded on the 21st of August as major altcoins turned to the downside on the charts. The cryptocurrency traded between the price levels of $276 and $308 over the day. 1-Day Bitcoin Cash price analysis Bitcoin Cash price chart by Trading View The BCH price stood at the $294.71 mark ...,NEGATIVE,BCH,ALTCOIN | BCH | MARKET | TRADING,,0,0,Cryptopolitan,https://www.cryptopolitan.com/bitcoin-cash-price-falls-to-280/,https://images.cryptocompare.com/news/cryptopolitan/c4MdkwGxgyw.jpeg
13578776,https://www.cryptopolitan.com/?p=54075,1598067962,"Litecoin price falls to $60, what‚Äôs next?","The Litecoin price line fell below the $60 level on the 21st of August. Dysangel is a Trading View analyst who believes that the LTC price will rise above the $70 level soon. 1-Day Litecoin price analysis Litecoin price chart by Trading View At the start of the day, the cryptocurrency traded near the $63 ...",NEUTRAL,LTC,LTC | MARKET | TRADING,,0,0,Cryptopolitan,https://www.cryptopolitan.com/litecoin-price-falls-to-60-whats-next/,https://images.cryptocompare.com/news/cryptopolitan/dg2aMmgb6Gg.jpeg
13348262,https://cointelegraph.com/news/huobi-global-announces-measures-to-strengthen-its-presence-in-russia,1598061600,Huobi Global Announces Measures to Strengthen Its Presence in Russia,The exchange is taking advantage of the growing Russian crypto market.,POSITIVE,ÏóÜÏùå,BLOCKCHAIN | EXCHANGE | MARKET | TRADING,,0,0,CoinTelegraph,https://cointelegraph.com/news/huobi-global-announces-measures-to-strengthen-its-presence-in-russia,https://images.cryptocompare.com/news/cointelegraph/dAw4ww210w0.jpeg
13432779,https://news.bitcoin.com/?p=407335,1598058028,Grayscale‚Äôs Litecoin and Bitcoin Cash Trusts Trade for Tremendous Premiums,This week data from Arcane Research shows there&apos;s been massive demand for Grayscale&apos;s recently launched publicly traded crypto trusts. Following the trusts getting DTC eligibility last monday LTCN (litecoin) shares have been selling for a 753% premium while BCHG (bitcoin cash) shares have sold for a 351% premium. Grayscale Investments&apos; Litecoin Trust (LTCN) and Bitcoin ...The post Grayscale&apos;s Litecoin and Bitcoin Cash Trusts Trade for Tremendous Premiums appeared first on Bitcoin News.,POSITIVE,BCH | LTC,BCH | ETH | LTC | RESEARCH,,0,0,Bitcoin.com,https://news.bitcoin.com/grayscales-litecoin-and-bitcoin-cash-trusts-trade-for-tremendous-premiums/,https://images.cryptocompare.com/news/bitcoin.com/dcNcw100800.jpeg
13447227,https://bitcoinist.com/?p=139566,1598058026,"Analyst Who Predicted 2018‚Äôs Bottom Predicts Bitcoin Could Hit $13,000","Bitcoin has seen a strong retracement since the Monday highs of $12,500. As of this article&apos;s writing, the leading cryptocurrency trades for $11,550, slightly above the daily lows at $11,500. BTC is in a weak spot heading into the weekend, as the short-term support in the $11,700-11,800 region has been lost. A historically accurate analyst remains optimistic that Bitcoin is in a good spot despite the ongoing retracement. The analyst in question thinks BTC could ...",POSITIVE,BTC,BTC,,0,0,Bitcoinist,https://bitcoinist.com/analyst-who-predicted-2018s-bottom-predicts-bitcoin-could-hit-13000/?utm_source=rss&utm_medium=rss&utm_campaign=analyst-who-predicted-2018s-bottom-predicts-bitcoin-could-hit-13000,https://images.cryptocompare.com/news/bitcoinist/ci000000000.jpeg
13348263,https://cointelegraph.com/news/hashgraph-sets-to-scale-a-mental-health-platform-to-billion-users,1598058000,Hashgraph Sets to Scale a Mental Health Platform to Billion Users,Could their partnership with a new age guru save lives?,NEUTRAL,ÏóÜÏùå,OTHER,,0,0,CoinTelegraph,https://cointelegraph.com/news/hashgraph-sets-to-scale-a-mental-health-platform-to-billion-users,https://images.cryptocompare.com/news/cointelegraph/fh2Q00B2094.jpeg
13348264,https://cointelegraph.com/news/university-of-utah-pays-ransomware-gang-to-prevent-student-data-leak,1598056200,University of Utah Pays Ransomware Gang to Prevent Student Data Leak,This is one instance where the ransomware gang got away with it.,NEGATIVE,ÏóÜÏùå,TECHNOLOGY,,0,0,CoinTelegraph,https://cointelegraph.com/news/university-of-utah-pays-ransomware-gang-to-prevent-student-data-leak,https://images.cryptocompare.com/news/cointelegraph/c35bX9AcU4N.jpeg
